"team_name","race_position","race_name","race_number","points","team_changes","nickname","name","max_race_number","top_scores","lowest_scores","season_points","total_points","avg_points","avg_position","min_points","max_points","reverse_race_position","season_position_torace","winner_points","distance_to_first","winner_points_season","distance_to_first_season","season_position","podium","season_podiums","victory","season_victories","fourth","season_fourths","bottom_three","season_bottom_threes","last","season_lasts","avg_distance_to_first","clean_position","clean_nickname","clean_season_position","clean_race_number","clean_race_number_app","latest_race"
"get out me car",1,"Azerbaijan GP",1,136,18,"Paas tha Paastha","Aastha",18,113,133,136,2013,111.833333333333,8,28,181,12,1,136,0,136,0,13,1,5,1,3,0,1,0,7,0,2,73.2222222222222,"01 get out me car","01 Paas tha Paastha","13 Paas tha Paastha","01 Azerbaijan GP","01 Azerbaijan GP",0
"dabestteam",2,"Azerbaijan GP",1,135,1,"Al Pal","Allie",18,116,130,135,2138,118.777777777778,7.88888888888889,27,180,11,2,136,1,136,-1,10,1,2,0,0,0,1,0,3,0,2,66.2777777777778,"02 dabestteam","02 Al Pal","10 Al Pal","01 Azerbaijan GP","01 Azerbaijan GP",0
"Mac",3,"Azerbaijan GP",1,112,1,"Massive Open Online Course (Mooc)","Mac",18,164,82,112,2453,136.277777777778,6.72222222222222,85,208,10,3,136,24,136,-24,2,1,6,0,4,0,0,0,4,0,1,48.7777777777778,"03 Mac","03 Massive Open Online Course (Mooc)","02 Massive Open Online Course (Mooc)","01 Azerbaijan GP","01 Azerbaijan GP",0
"In your race",4,"Azerbaijan GP",1,109,13,"Zek Zek Dadumle","Zach",18,171.5,74.5,109,2221,123.388888888889,7.77777777777778,41,162,9,4,136,27,136,-27,7,0,2,0,0,1,2,0,3,0,1,61.6666666666667,"04 In your race","04 Zek Zek Dadumle","07 Zek Zek Dadumle","01 Azerbaijan GP","01 Azerbaijan GP",0
"Scotl@nd224",5,"Azerbaijan GP",1,108,6,"Oolin Hooey","Allen",18,174,72,108,2203,122.388888888889,7.61111111111111,50,188,8,5,136,28,136,-28,8,0,3,0,1,0,0,0,5,0,2,62.6666666666667,"05 Scotl@nd224","05 Oolin Hooey","08 Oolin Hooey","01 Azerbaijan GP","01 Azerbaijan GP",0
"scoring d scorecard",6,"Azerbaijan GP",1,90,1,"xtinae","Christina",18,202,44,90,2387,132.611111111111,6.83333333333333,53,183,7,6,136,46,136,-46,4,0,3,0,0,0,1,0,3,0,0,52.4444444444444,"06 scoring d scorecard","06 xtinae","04 xtinae","01 Azerbaijan GP","01 Azerbaijan GP",0
"FOR MA YOU TON",7,"Azerbaijan GP",1,87,1,"Emmaluments Clause","Emma",18,207.5,38.5,87,2395,133.055555555556,7,60,200,6,7,136,49,136,-49,3,0,6,0,1,0,1,0,4,0,2,52,"07 FOR MA YOU TON","07 Emmaluments Clause","03 Emmaluments Clause","01 Azerbaijan GP","01 Azerbaijan GP",0
"Raikkonen the dough",8,"Azerbaijan GP",1,84,18,"n8 n9 10","Nate",18,214,32,84,2563,142.388888888889,6.16666666666667,50,229,5,8,136,52,136,-52,1,0,7,0,3,0,1,0,4,0,3,42.6666666666667,"08 Raikkonen the dough","08 n8 n9 10","01 n8 n9 10","01 Azerbaijan GP","01 Azerbaijan GP",0
"Go Team 2",9,"Azerbaijan GP",1,81,1,"Shlaghs","Shlagha",18,217,29,81,2367,131.5,7.5,81,202,4,9,136,55,136,-55,5,0,4,0,2,0,1,0,4,0,1,53.5555555555556,"09 Go Team 2","09 Shlaghs","05 Shlaghs","01 Azerbaijan GP","01 Azerbaijan GP",0
"BARE P YA WASTEMAN",10,"Azerbaijan GP",1,69,15,"Toodle Lee","Todd",18,226,20,69,2158,119.888888888889,8,50,181,3,10,136,67,136,-67,9,0,4,0,1,0,1,1,6,0,1,65.1666666666667,"10 BARE P YA WASTEMAN","10 Toodle Lee","09 Toodle Lee","01 Azerbaijan GP","01 Azerbaijan GP",0
"FOOMOOLA WASTEMAN",11,"Azerbaijan GP",1,49,28,"Karnohmymy","Karna",18,240,6,49,2131,118.388888888889,8,49,184,2,11,136,87,136,-87,11,0,1,0,0,0,3,1,4,0,0,66.6666666666667,"11 FOOMOOLA WASTEMAN","11 Karnohmymy","11 Karnohmymy","01 Azerbaijan GP","01 Azerbaijan GP",0
"Woooofley",12,"Azerbaijan GP",1,19,1,"Wooof Lee","Wolfe",18,245,1,19,2344,130.222222222222,7.11111111111111,19,197,1,12,136,117,136,-117,6,0,5,0,2,0,1,1,4,1,1,54.8333333333333,"12 Woooofley","12 Wooof Lee","06 Wooof Lee","01 Azerbaijan GP","01 Azerbaijan GP",0
"Raikkonen the dough",1,"Spain GP",2,178,18,"n8 n9 10","Nate",18,21,225,262,2563,142.388888888889,6.16666666666667,50,229,12,2,178,0,264,-2,1,1,7,1,3,0,1,0,4,0,3,42.6666666666667,"01 Raikkonen the dough","01 n8 n9 10","01 n8 n9 10","02 Spain GP","02 Spain GP",0
"In your race",2,"Spain GP",2,155,13,"Zek Zek Dadumle","Zach",18,64.5,181.5,264,2221,123.388888888889,7.77777777777778,41,162,11,1,178,23,264,0,7,1,2,0,0,0,2,0,3,0,1,61.6666666666667,"02 In your race","02 Zek Zek Dadumle","07 Zek Zek Dadumle","02 Spain GP","02 Spain GP",0
"FOR MA YOU TON",3,"Spain GP",2,152,1,"Emmaluments Clause","Emma",18,72.5,173.5,239,2395,133.055555555556,7,60,200,10,3,178,26,264,-25,3,1,6,0,1,0,1,0,4,0,2,52,"03 FOR MA YOU TON","03 Emmaluments Clause","03 Emmaluments Clause","02 Spain GP","02 Spain GP",0
"FOOMOOLA WASTEMAN",4,"Spain GP",2,111,28,"Karnohmymy","Karna",18,167.5,78.5,160,2131,118.388888888889,8,49,184,9,8,178,67,264,-104,11,0,1,0,0,1,3,0,4,0,0,66.6666666666667,"04 FOOMOOLA WASTEMAN","04 Karnohmymy","11 Karnohmymy","02 Spain GP","02 Spain GP",0
"Go Team 2",5,"Spain GP",2,100,1,"Shlaghs","Shlagha",18,185.5,60.5,181,2367,131.5,7.5,81,202,8,7,178,78,264,-83,5,0,4,0,2,0,1,0,4,0,1,53.5555555555556,"05 Go Team 2","05 Shlaghs","05 Shlaghs","02 Spain GP","02 Spain GP",0
"get out me car",6,"Spain GP",2,95,18,"Paas tha Paastha","Aastha",18,193.5,52.5,231,2013,111.833333333333,8,28,181,7,4,178,83,264,-33,13,0,5,0,3,0,1,0,7,0,2,73.2222222222222,"06 get out me car","06 Paas tha Paastha","13 Paas tha Paastha","02 Spain GP","02 Spain GP",0
"Woooofley",7,"Spain GP",2,91,1,"Wooof Lee","Wolfe",18,200.5,45.5,110,2344,130.222222222222,7.11111111111111,19,197,6,12,178,87,264,-154,6,0,5,0,2,0,1,0,4,0,1,54.8333333333333,"07 Woooofley","07 Wooof Lee","06 Wooof Lee","02 Spain GP","02 Spain GP",0
"Mac",8,"Spain GP",2,85,1,"Massive Open Online Course (Mooc)","Mac",18,212,34,197,2453,136.277777777778,6.72222222222222,85,208,5,6,178,93,264,-67,2,0,6,0,4,0,0,0,4,0,1,48.7777777777778,"08 Mac","08 Massive Open Online Course (Mooc)","02 Massive Open Online Course (Mooc)","02 Spain GP","02 Spain GP",0
"dabestteam",9,"Spain GP",2,75,1,"Al Pal","Allie",18,221.5,24.5,210,2138,118.777777777778,7.88888888888889,27,180,4,5,178,103,264,-54,10,0,2,0,0,0,1,0,3,0,2,66.2777777777778,"09 dabestteam","09 Al Pal","10 Al Pal","02 Spain GP","02 Spain GP",0
"scoring d scorecard",10,"Spain GP",2,66,1,"xtinae","Christina",18,229,17,156,2387,132.611111111111,6.83333333333333,53,183,3,10,178,112,264,-108,4,0,3,0,0,0,1,1,3,0,0,52.4444444444444,"10 scoring d scorecard","10 xtinae","04 xtinae","02 Spain GP","02 Spain GP",0
"BARE P YA WASTEMAN",11,"Spain GP",2,50,15,"Toodle Lee","Todd",18,238,8,119,2158,119.888888888889,8,50,181,1.5,11,178,128,264,-145,9,0,4,0,1,0,1,1,6,0,1,65.1666666666667,"11 BARE P YA WASTEMAN","11 Toodle Lee","09 Toodle Lee","02 Spain GP","02 Spain GP",0
"Scotl@nd224",11,"Spain GP",2,50,6,"Oolin Hooey","Allen",18,238,8,158,2203,122.388888888889,7.61111111111111,50,188,1.5,9,178,128,264,-106,8,0,3,0,1,0,0,1,5,0,2,62.6666666666667,"11 Scotl@nd224","11 Oolin Hooey","08 Oolin Hooey","02 Spain GP","02 Spain GP",0
"Go Team 2",1,"Monaco GP",3,202,1,"Shlaghs","Shlagha",18,4,242,383,2367,131.5,7.5,81,202,12,2,202,0,426,-43,5,1,4,1,2,0,1,0,4,0,1,53.5555555555556,"01 Go Team 2","01 Shlaghs","05 Shlaghs","03 Monaco GP","03 Monaco GP",0
"Woooofley",2,"Monaco GP",3,169,1,"Wooof Lee","Wolfe",18,36,210,279,2344,130.222222222222,7.11111111111111,19,197,11,9,202,33,426,-147,6,1,5,0,2,0,1,0,4,0,1,54.8333333333333,"02 Woooofley","02 Wooof Lee","06 Wooof Lee","03 Monaco GP","03 Monaco GP",0
"Raikkonen the dough",3,"Monaco GP",3,164,18,"n8 n9 10","Nate",18,43.5,202.5,426,2563,142.388888888889,6.16666666666667,50,229,10,1,202,38,426,0,1,1,7,0,3,0,1,0,4,0,3,42.6666666666667,"03 Raikkonen the dough","03 n8 n9 10","01 n8 n9 10","03 Monaco GP","03 Monaco GP",0
"scoring d scorecard",4,"Monaco GP",3,144,1,"xtinae","Christina",18,90,156,300,2387,132.611111111111,6.83333333333333,53,183,9,8,202,58,426,-126,4,0,3,0,0,1,1,0,3,0,0,52.4444444444444,"04 scoring d scorecard","04 xtinae","04 xtinae","03 Monaco GP","03 Monaco GP",0
"Mac",5,"Monaco GP",3,132,1,"Massive Open Online Course (Mooc)","Mac",18,123,123,329,2453,136.277777777778,6.72222222222222,85,208,8,6,202,70,426,-97,2,0,6,0,4,0,0,0,4,0,1,48.7777777777778,"05 Mac","05 Massive Open Online Course (Mooc)","02 Massive Open Online Course (Mooc)","03 Monaco GP","03 Monaco GP",0
"FOR MA YOU TON",6,"Monaco GP",3,120,1,"Emmaluments Clause","Emma",18,147,99,359,2395,133.055555555556,7,60,200,7,4,202,82,426,-67,3,0,6,0,1,0,1,0,4,0,2,52,"06 FOR MA YOU TON","06 Emmaluments Clause","03 Emmaluments Clause","03 Monaco GP","03 Monaco GP",0
"get out me car",7,"Monaco GP",3,115,18,"Paas tha Paastha","Aastha",18,158.5,87.5,346,2013,111.833333333333,8,28,181,6,5,202,87,426,-80,13,0,5,0,3,0,1,0,7,0,2,73.2222222222222,"07 get out me car","07 Paas tha Paastha","13 Paas tha Paastha","03 Monaco GP","03 Monaco GP",0
"FOOMOOLA WASTEMAN",8,"Monaco GP",3,109,28,"Karnohmymy","Karna",18,171.5,74.5,269,2131,118.388888888889,8,49,184,5,10,202,93,426,-157,11,0,1,0,0,0,3,0,4,0,0,66.6666666666667,"08 FOOMOOLA WASTEMAN","08 Karnohmymy","11 Karnohmymy","03 Monaco GP","03 Monaco GP",0
"In your race",9,"Monaco GP",3,101,13,"Zek Zek Dadumle","Zach",18,183,63,365,2221,123.388888888889,7.77777777777778,41,162,4,3,202,101,426,-61,7,0,2,0,0,0,2,0,3,0,1,61.6666666666667,"09 In your race","09 Zek Zek Dadumle","07 Zek Zek Dadumle","03 Monaco GP","03 Monaco GP",0
"dabestteam",10,"Monaco GP",3,93,1,"Al Pal","Allie",18,197,49,303,2138,118.777777777778,7.88888888888889,27,180,3,7,202,109,426,-123,10,0,2,0,0,0,1,1,3,0,2,66.2777777777778,"10 dabestteam","10 Al Pal","10 Al Pal","03 Monaco GP","03 Monaco GP",0
"Scotl@nd224",11,"Monaco GP",3,75,6,"Oolin Hooey","Allen",18,221.5,24.5,233,2203,122.388888888889,7.61111111111111,50,188,2,11,202,127,426,-193,8,0,3,0,1,0,0,1,5,0,2,62.6666666666667,"11 Scotl@nd224","11 Oolin Hooey","08 Oolin Hooey","03 Monaco GP","03 Monaco GP",0
"BARE P YA WASTEMAN",12,"Monaco GP",3,62,15,"Toodle Lee","Todd",18,231.5,14.5,181,2158,119.888888888889,8,50,181,1,12,202,140,426,-245,9,0,4,0,1,0,1,1,6,1,1,65.1666666666667,"12 BARE P YA WASTEMAN","12 Toodle Lee","09 Toodle Lee","03 Monaco GP","03 Monaco GP",0
"Woooofley",1,"Canada GP",4,183,1,"Wooof Lee","Wolfe",18,14.5,231.5,462,2344,130.222222222222,7.11111111111111,19,197,13,4,183,0,574,-112,6,1,5,1,2,0,1,0,4,0,1,54.8333333333333,"01 Woooofley","01 Wooof Lee","06 Wooof Lee","04 Canada GP","04 Canada GP",0
"Go Team 2",2,"Canada GP",4,176,1,"Shlaghs","Shlagha",18,25,221,559,2367,131.5,7.5,81,202,12,2,183,7,574,-15,5,1,4,0,2,0,1,0,4,0,1,53.5555555555556,"02 Go Team 2","02 Shlaghs","05 Shlaghs","04 Canada GP","04 Canada GP",0
"Raikkonen the dough",3,"Canada GP",4,148,18,"n8 n9 10","Nate",18,81.5,164.5,574,2563,142.388888888889,6.16666666666667,50,229,11,1,183,35,574,0,1,1,7,0,3,0,1,0,4,0,3,42.6666666666667,"03 Raikkonen the dough","03 n8 n9 10","01 n8 n9 10","04 Canada GP","04 Canada GP",0
"FOR MA YOU TON",4,"Canada GP",4,143,1,"Emmaluments Clause","Emma",18,93.5,152.5,502,2395,133.055555555556,7,60,200,10,3,183,40,574,-72,3,0,6,0,1,1,1,0,4,0,2,52,"04 FOR MA YOU TON","04 Emmaluments Clause","03 Emmaluments Clause","04 Canada GP","04 Canada GP",0
"scoring d scorecard",5,"Canada GP",4,133,1,"xtinae","Christina",18,119,127,433,2387,132.611111111111,6.83333333333333,53,183,9,7,183,50,574,-141,4,0,3,0,0,0,1,0,3,0,0,52.4444444444444,"05 scoring d scorecard","05 xtinae","04 xtinae","04 Canada GP","04 Canada GP",0
"dabestteam",6,"Canada GP",4,122,1,"Al Pal","Allie",18,144,102,425,2138,118.777777777778,7.88888888888889,27,180,8,8,183,61,574,-149,10,0,2,0,0,0,1,0,3,0,2,66.2777777777778,"06 dabestteam","06 Al Pal","10 Al Pal","04 Canada GP","04 Canada GP",0
"Maria's Bois",7,"Canada GP",4,120,1,"Mumumelon","Maria",18,147,99,120,1928,128.533333333333,7.73333333333333,66,177,7,13,183,63,574,-454,14,0,3,0,1,0,1,0,2,0,1,59.1333333333333,"07 Maria's Bois","07 Mumumelon","14 Mumumelon","04 Canada GP","04 Canada GP",0
"Mac",8,"Canada GP",4,117,1,"Massive Open Online Course (Mooc)","Mac",18,153,93,446,2453,136.277777777778,6.72222222222222,85,208,6,6,183,66,574,-128,2,0,6,0,4,0,0,0,4,0,1,48.7777777777778,"08 Mac","08 Massive Open Online Course (Mooc)","02 Massive Open Online Course (Mooc)","04 Canada GP","04 Canada GP",0
"BARE P YA WASTEMAN",9,"Canada GP",4,98,15,"Toodle Lee","Todd",18,189,57,279,2158,119.888888888889,8,50,181,5,12,183,85,574,-295,9,0,4,0,1,0,1,0,6,0,1,65.1666666666667,"09 BARE P YA WASTEMAN","09 Toodle Lee","09 Toodle Lee","04 Canada GP","04 Canada GP",0
"In your race",10,"Canada GP",4,93,13,"Zek Zek Dadumle","Zach",18,197,49,458,2221,123.388888888889,7.77777777777778,41,162,4,5,183,90,574,-116,7,0,2,0,0,0,2,0,3,0,1,61.6666666666667,"10 In your race","10 Zek Zek Dadumle","07 Zek Zek Dadumle","04 Canada GP","04 Canada GP",0
"FOOMOOLA WASTEMAN",11,"Canada GP",4,82,28,"Karnohmymy","Karna",18,215.5,30.5,351,2131,118.388888888889,8,49,184,3,10,183,101,574,-223,11,0,1,0,0,0,3,1,4,0,0,66.6666666666667,"11 FOOMOOLA WASTEMAN","11 Karnohmymy","11 Karnohmymy","04 Canada GP","04 Canada GP",0
"get out me car",12,"Canada GP",4,71,18,"Paas tha Paastha","Aastha",18,224,22,417,2013,111.833333333333,8,28,181,2,9,183,112,574,-157,13,0,5,0,3,0,1,1,7,0,2,73.2222222222222,"12 get out me car","12 Paas tha Paastha","13 Paas tha Paastha","04 Canada GP","04 Canada GP",0
"Scotl@nd224",13,"Canada GP",4,67,6,"Oolin Hooey","Allen",18,227,19,300,2203,122.388888888889,7.61111111111111,50,188,1,11,183,116,574,-274,8,0,3,0,1,0,0,1,5,1,2,62.6666666666667,"13 Scotl@nd224","13 Oolin Hooey","08 Oolin Hooey","04 Canada GP","04 Canada GP",0
"Raikkonen the dough",1,"France GP",5,229,18,"n8 n9 10","Nate",18,1,245,803,2563,142.388888888889,6.16666666666667,50,229,14,1,229,0,803,0,1,1,7,1,3,0,1,0,4,0,3,42.6666666666667,"01 Raikkonen the dough","01 n8 n9 10","01 n8 n9 10","05 France GP","05 France GP",0
"Woooofley",2,"France GP",5,197,1,"Wooof Lee","Wolfe",18,6.5,239.5,659,2344,130.222222222222,7.11111111111111,19,197,13,3,229,32,803,-144,6,1,5,0,2,0,1,0,4,0,1,54.8333333333333,"02 Woooofley","02 Wooof Lee","06 Wooof Lee","05 France GP","05 France GP",0
"Mac",3,"France GP",5,186,1,"Massive Open Online Course (Mooc)","Mac",18,9,237,632,2453,136.277777777778,6.72222222222222,85,208,12,5,229,43,803,-171,2,1,6,0,4,0,0,0,4,0,1,48.7777777777778,"03 Mac","03 Massive Open Online Course (Mooc)","02 Massive Open Online Course (Mooc)","05 France GP","05 France GP",0
"FOOMOOLA WASTEMAN",4,"France GP",5,184,28,"Karnohmymy","Karna",18,12.5,233.5,535,2131,118.388888888889,8,49,184,11,9,229,45,803,-268,11,0,1,0,0,1,3,0,4,0,0,66.6666666666667,"04 FOOMOOLA WASTEMAN","04 Karnohmymy","11 Karnohmymy","05 France GP","05 France GP",0
"scoring d scorecard",5,"France GP",5,183,1,"xtinae","Christina",18,14.5,231.5,616,2387,132.611111111111,6.83333333333333,53,183,10,7,229,46,803,-187,4,0,3,0,0,0,1,0,3,0,0,52.4444444444444,"05 scoring d scorecard","05 xtinae","04 xtinae","05 France GP","05 France GP",0
"FOR MA YOU TON",6,"France GP",5,174,1,"Emmaluments Clause","Emma",18,29,217,676,2395,133.055555555556,7,60,200,9,2,229,55,803,-127,3,0,6,0,1,0,1,0,4,0,2,52,"06 FOR MA YOU TON","06 Emmaluments Clause","03 Emmaluments Clause","05 France GP","05 France GP",0
"In your race",7,"France GP",5,161,13,"Zek Zek Dadumle","Zach",18,53,193,619,2221,123.388888888889,7.77777777777778,41,162,8,6,229,68,803,-184,7,0,2,0,0,0,2,0,3,0,1,61.6666666666667,"07 In your race","07 Zek Zek Dadumle","07 Zek Zek Dadumle","05 France GP","05 France GP",0
"dabestteam",8,"France GP",5,156,1,"Al Pal","Allie",18,60,186,581,2138,118.777777777778,7.88888888888889,27,180,7,8,229,73,803,-222,10,0,2,0,0,0,1,0,3,0,2,66.2777777777778,"08 dabestteam","08 Al Pal","10 Al Pal","05 France GP","05 France GP",0
"BPort's Sports",9,"France GP",5,125,1,"Rebporter","Rebecca",18,135,111,125,2038,145.571428571429,5.64285714285714,95,174,6,14,229,104,803,-678,12,0,4,0,0,0,3,0,1,0,0,42.4285714285714,"09 BPort's Sports","09 Rebporter","12 Rebporter","05 France GP","05 France GP",0
"Go Team 2",10,"France GP",5,100,1,"Shlaghs","Shlagha",18,185.5,60.5,659,2367,131.5,7.5,81,202,5,3,229,129,803,-144,5,0,4,0,2,0,1,0,4,0,1,53.5555555555556,"10 Go Team 2","10 Shlaghs","05 Shlaghs","05 France GP","05 France GP",0
"get out me car",11,"France GP",5,96,18,"Paas tha Paastha","Aastha",18,191,55,513,2013,111.833333333333,8,28,181,4,10,229,133,803,-290,13,0,5,0,3,0,1,0,7,0,2,73.2222222222222,"11 get out me car","11 Paas tha Paastha","13 Paas tha Paastha","05 France GP","05 France GP",0
"BARE P YA WASTEMAN",12,"France GP",5,93,15,"Toodle Lee","Todd",18,197,49,372,2158,119.888888888889,8,50,181,3,12,229,136,803,-431,9,0,4,0,1,0,1,1,6,0,1,65.1666666666667,"12 BARE P YA WASTEMAN","12 Toodle Lee","09 Toodle Lee","05 France GP","05 France GP",0
"Maria's Bois",13,"France GP",5,85,1,"Mumumelon","Maria",18,212,34,205,1928,128.533333333333,7.73333333333333,66,177,2,13,229,144,803,-598,14,0,3,0,1,0,1,1,2,0,1,59.1333333333333,"13 Maria's Bois","13 Mumumelon","14 Mumumelon","05 France GP","05 France GP",0
"Scotl@nd224",14,"France GP",5,76,6,"Oolin Hooey","Allen",18,220,26,376,2203,122.388888888889,7.61111111111111,50,188,1,11,229,153,803,-427,8,0,3,0,1,0,0,1,5,1,2,62.6666666666667,"14 Scotl@nd224","14 Oolin Hooey","08 Oolin Hooey","05 France GP","05 France GP",0
"Raikkonen the dough",1,"Austria GP",6,224,18,"n8 n9 10","Nate",18,2,244,1027,2563,142.388888888889,6.16666666666667,50,229,14,1,224,0,1027,0,1,1,7,1,3,0,1,0,4,0,3,42.6666666666667,"01 Raikkonen the dough","01 n8 n9 10","01 n8 n9 10","06 Austria GP","06 Austria GP",0
"FOR MA YOU TON",2,"Austria GP",6,200,1,"Emmaluments Clause","Emma",18,5,241,876,2395,133.055555555556,7,60,200,13,2,224,24,1027,-151,3,1,6,0,1,0,1,0,4,0,2,52,"02 FOR MA YOU TON","02 Emmaluments Clause","03 Emmaluments Clause","06 Austria GP","06 Austria GP",0
"BARE P YA WASTEMAN",3,"Austria GP",6,181,15,"Toodle Lee","Todd",18,17.5,228.5,553,2158,119.888888888889,8,50,181,12,10,224,43,1027,-474,9,1,4,0,1,0,1,0,6,0,1,65.1666666666667,"03 BARE P YA WASTEMAN","03 Toodle Lee","09 Toodle Lee","06 Austria GP","06 Austria GP",0
"BPort's Sports",4,"Austria GP",6,148,1,"Rebporter","Rebecca",18,81.5,164.5,273,2038,145.571428571429,5.64285714285714,95,174,11,14,224,76,1027,-754,12,0,4,0,0,1,3,0,1,0,0,42.4285714285714,"04 BPort's Sports","04 Rebporter","12 Rebporter","06 Austria GP","06 Austria GP",0
"Mac",5,"Austria GP",6,132,1,"Massive Open Online Course (Mooc)","Mac",18,123,123,764,2453,136.277777777778,6.72222222222222,85,208,10,5,224,92,1027,-263,2,0,6,0,4,0,0,0,4,0,1,48.7777777777778,"05 Mac","05 Massive Open Online Course (Mooc)","02 Massive Open Online Course (Mooc)","06 Austria GP","06 Austria GP",0
"Woooofley",6,"Austria GP",6,129,1,"Wooof Lee","Wolfe",18,129,117,788,2344,130.222222222222,7.11111111111111,19,197,9,3,224,95,1027,-239,6,0,5,0,2,0,1,0,4,0,1,54.8333333333333,"06 Woooofley","06 Wooof Lee","06 Wooof Lee","06 Austria GP","06 Austria GP",0
"Go Team 2",7,"Austria GP",6,118,1,"Shlaghs","Shlagha",18,150.5,95.5,777,2367,131.5,7.5,81,202,8,4,224,106,1027,-250,5,0,4,0,2,0,1,0,4,0,1,53.5555555555556,"07 Go Team 2","07 Shlaghs","05 Shlaghs","06 Austria GP","06 Austria GP",0
"scoring d scorecard",8,"Austria GP",6,117,1,"xtinae","Christina",18,153,93,733,2387,132.611111111111,6.83333333333333,53,183,7,6,224,107,1027,-294,4,0,3,0,0,0,1,0,3,0,0,52.4444444444444,"08 scoring d scorecard","08 xtinae","04 xtinae","06 Austria GP","06 Austria GP",0
"FOOMOOLA WASTEMAN",9,"Austria GP",6,106,28,"Karnohmymy","Karna",18,177,69,641,2131,118.388888888889,8,49,184,6,9,224,118,1027,-386,11,0,1,0,0,0,3,0,4,0,0,66.6666666666667,"09 FOOMOOLA WASTEMAN","09 Karnohmymy","11 Karnohmymy","06 Austria GP","06 Austria GP",0
"Maria's Bois",10,"Austria GP",6,104,1,"Mumumelon","Maria",18,179,67,309,1928,128.533333333333,7.73333333333333,66,177,5,13,224,120,1027,-718,14,0,3,0,1,0,1,0,2,0,1,59.1333333333333,"10 Maria's Bois","10 Mumumelon","14 Mumumelon","06 Austria GP","06 Austria GP",0
"dabestteam",11,"Austria GP",6,89,1,"Al Pal","Allie",18,204,42,670,2138,118.777777777778,7.88888888888889,27,180,4,8,224,135,1027,-357,10,0,2,0,0,0,1,0,3,0,2,66.2777777777778,"11 dabestteam","11 Al Pal","10 Al Pal","06 Austria GP","06 Austria GP",0
"In your race",12,"Austria GP",6,73,13,"Zek Zek Dadumle","Zach",18,223,23,692,2221,123.388888888889,7.77777777777778,41,162,3,7,224,151,1027,-335,7,0,2,0,0,0,2,1,3,0,1,61.6666666666667,"12 In your race","12 Zek Zek Dadumle","07 Zek Zek Dadumle","06 Austria GP","06 Austria GP",0
"Scotl@nd224",13,"Austria GP",6,53,6,"Oolin Hooey","Allen",18,235,11,429,2203,122.388888888889,7.61111111111111,50,188,2,12,224,171,1027,-598,8,0,3,0,1,0,0,1,5,0,2,62.6666666666667,"13 Scotl@nd224","13 Oolin Hooey","08 Oolin Hooey","06 Austria GP","06 Austria GP",0
"get out me car",14,"Austria GP",6,28,18,"Paas tha Paastha","Aastha",18,243,3,541,2013,111.833333333333,8,28,181,1,11,224,196,1027,-486,13,0,5,0,3,0,1,1,7,1,2,73.2222222222222,"14 get out me car","14 Paas tha Paastha","13 Paas tha Paastha","06 Austria GP","06 Austria GP",0
"Mac",1,"Britain GP",7,162,1,"Massive Open Online Course (Mooc)","Mac",18,49,197,926,2453,136.277777777778,6.72222222222222,85,208,14,4,162,0,1166,-240,2,1,6,1,4,0,0,0,4,0,1,48.7777777777778,"01 Mac","01 Massive Open Online Course (Mooc)","02 Massive Open Online Course (Mooc)","07 Britain GP","07 Britain GP",0
"scoring d scorecard",2,"Britain GP",7,158,1,"xtinae","Christina",18,57.5,188.5,891,2387,132.611111111111,6.83333333333333,53,183,13,6,162,4,1166,-275,4,1,3,0,0,0,1,0,3,0,0,52.4444444444444,"02 scoring d scorecard","02 xtinae","04 xtinae","07 Britain GP","07 Britain GP",0
"FOR MA YOU TON",3,"Britain GP",7,154,1,"Emmaluments Clause","Emma",18,69,177,1030,2395,133.055555555556,7,60,200,12,2,162,8,1166,-136,3,1,6,0,1,0,1,0,4,0,2,52,"03 FOR MA YOU TON","03 Emmaluments Clause","03 Emmaluments Clause","07 Britain GP","07 Britain GP",0
"Woooofley",4,"Britain GP",7,150,1,"Wooof Lee","Wolfe",18,76.5,169.5,938,2344,130.222222222222,7.11111111111111,19,197,11,3,162,12,1166,-228,6,0,5,0,2,1,1,0,4,0,1,54.8333333333333,"04 Woooofley","04 Wooof Lee","06 Wooof Lee","07 Britain GP","07 Britain GP",0
"Scotl@nd224",5,"Britain GP",7,147,6,"Oolin Hooey","Allen",18,85,161,576,2203,122.388888888889,7.61111111111111,50,188,10,12,162,15,1166,-590,8,0,3,0,1,0,0,0,5,0,2,62.6666666666667,"05 Scotl@nd224","05 Oolin Hooey","08 Oolin Hooey","07 Britain GP","07 Britain GP",0
"FOOMOOLA WASTEMAN",6,"Britain GP",7,146,28,"Karnohmymy","Karna",18,87,159,787,2131,118.388888888889,8,49,184,9,7,162,16,1166,-379,11,0,1,0,0,0,3,0,4,0,0,66.6666666666667,"06 FOOMOOLA WASTEMAN","06 Karnohmymy","11 Karnohmymy","07 Britain GP","07 Britain GP",0
"Raikkonen the dough",7,"Britain GP",7,139,18,"n8 n9 10","Nate",18,105,141,1166,2563,142.388888888889,6.16666666666667,50,229,8,1,162,23,1166,0,1,0,7,0,3,0,1,0,4,0,3,42.6666666666667,"07 Raikkonen the dough","07 n8 n9 10","01 n8 n9 10","07 Britain GP","07 Britain GP",0
"Go Team 2",8,"Britain GP",7,125,1,"Shlaghs","Shlagha",18,135,111,902,2367,131.5,7.5,81,202,7,5,162,37,1166,-264,5,0,4,0,2,0,1,0,4,0,1,53.5555555555556,"08 Go Team 2","08 Shlaghs","05 Shlaghs","07 Britain GP","07 Britain GP",0
"Maria's Bois",9,"Britain GP",7,99,1,"Mumumelon","Maria",18,188,58,408,1928,128.533333333333,7.73333333333333,66,177,6,13,162,63,1166,-758,14,0,3,0,1,0,1,0,2,0,1,59.1333333333333,"09 Maria's Bois","09 Mumumelon","14 Mumumelon","07 Britain GP","07 Britain GP",0
"BPort's Sports",10,"Britain GP",7,95,1,"Rebporter","Rebecca",18,193.5,52.5,368,2038,145.571428571429,5.64285714285714,95,174,5,14,162,67,1166,-798,12,0,4,0,0,0,3,0,1,0,0,42.4285714285714,"10 BPort's Sports","10 Rebporter","12 Rebporter","07 Britain GP","07 Britain GP",0
"dabestteam",11,"Britain GP",7,85,1,"Al Pal","Allie",18,212,34,755,2138,118.777777777778,7.88888888888889,27,180,4,8,162,77,1166,-411,10,0,2,0,0,0,1,0,3,0,2,66.2777777777778,"11 dabestteam","11 Al Pal","10 Al Pal","07 Britain GP","07 Britain GP",0
"BARE P YA WASTEMAN",12,"Britain GP",7,78,15,"Toodle Lee","Todd",18,218,28,631,2158,119.888888888889,8,50,181,3,10,162,84,1166,-535,9,0,4,0,1,0,1,1,6,0,1,65.1666666666667,"12 BARE P YA WASTEMAN","12 Toodle Lee","09 Toodle Lee","07 Britain GP","07 Britain GP",0
"get out me car",13,"Britain GP",7,48,18,"Paas tha Paastha","Aastha",18,241,5,589,2013,111.833333333333,8,28,181,2,11,162,114,1166,-577,13,0,5,0,3,0,1,1,7,0,2,73.2222222222222,"13 get out me car","13 Paas tha Paastha","13 Paas tha Paastha","07 Britain GP","07 Britain GP",0
"In your race",14,"Britain GP",7,41,13,"Zek Zek Dadumle","Zach",18,242,4,733,2221,123.388888888889,7.77777777777778,41,162,1,9,162,121,1166,-433,7,0,2,0,0,0,2,1,3,1,1,61.6666666666667,"14 In your race","14 Zek Zek Dadumle","07 Zek Zek Dadumle","07 Britain GP","07 Britain GP",0
"Mac",1,"Germany GP",8,208,1,"Massive Open Online Course (Mooc)","Mac",18,3,243,1134,2453,136.277777777778,6.72222222222222,85,208,14,2,208,0,1243,-109,2,1,6,1,4,0,0,0,4,0,1,48.7777777777778,"01 Mac","01 Massive Open Online Course (Mooc)","02 Massive Open Online Course (Mooc)","08 Germany GP","08 Germany GP",0
"Scotl@nd224",2,"Germany GP",8,188,6,"Oolin Hooey","Allen",18,8,238,764,2203,122.388888888889,7.61111111111111,50,188,13,10,208,20,1243,-479,8,1,3,0,1,0,0,0,5,0,2,62.6666666666667,"02 Scotl@nd224","02 Oolin Hooey","08 Oolin Hooey","08 Germany GP","08 Germany GP",0
"scoring d scorecard",3,"Germany GP",8,175,1,"xtinae","Christina",18,26.5,219.5,1066,2387,132.611111111111,6.83333333333333,53,183,12,4,208,33,1243,-177,4,1,3,0,0,0,1,0,3,0,0,52.4444444444444,"03 scoring d scorecard","03 xtinae","04 xtinae","08 Germany GP","08 Germany GP",0
"Maria's Bois",4,"Germany GP",8,161,1,"Mumumelon","Maria",18,53,193,569,1928,128.533333333333,7.73333333333333,66,177,11,13,208,47,1243,-674,14,0,3,0,1,1,1,0,2,0,1,59.1333333333333,"04 Maria's Bois","04 Mumumelon","14 Mumumelon","08 Germany GP","08 Germany GP",0
"In your race",5,"Germany GP",8,158,13,"Zek Zek Dadumle","Zach",18,57.5,188.5,891,2221,123.388888888889,7.77777777777778,41,162,10,9,208,50,1243,-352,7,0,2,0,0,0,2,0,3,0,1,61.6666666666667,"05 In your race","05 Zek Zek Dadumle","07 Zek Zek Dadumle","08 Germany GP","08 Germany GP",0
"FOOMOOLA WASTEMAN",6,"Germany GP",8,144,28,"Karnohmymy","Karna",18,90,156,931,2131,118.388888888889,8,49,184,9,7,208,64,1243,-312,11,0,1,0,0,0,3,0,4,0,0,66.6666666666667,"06 FOOMOOLA WASTEMAN","06 Karnohmymy","11 Karnohmymy","08 Germany GP","08 Germany GP",0
"dabestteam",7,"Germany GP",8,142,1,"Al Pal","Allie",18,96.5,149.5,897,2138,118.777777777778,7.88888888888889,27,180,8,8,208,66,1243,-346,10,0,2,0,0,0,1,0,3,0,2,66.2777777777778,"07 dabestteam","07 Al Pal","10 Al Pal","08 Germany GP","08 Germany GP",0
"BPort's Sports",8,"Germany GP",8,140,1,"Rebporter","Rebecca",18,102,144,508,2038,145.571428571429,5.64285714285714,95,174,7,14,208,68,1243,-735,12,0,4,0,0,0,3,0,1,0,0,42.4285714285714,"08 BPort's Sports","08 Rebporter","12 Rebporter","08 Germany GP","08 Germany GP",0
"Go Team 2",9,"Germany GP",8,120,1,"Shlaghs","Shlagha",18,147,99,1022,2367,131.5,7.5,81,202,6,6,208,88,1243,-221,5,0,4,0,2,0,1,0,4,0,1,53.5555555555556,"09 Go Team 2","09 Shlaghs","05 Shlaghs","08 Germany GP","08 Germany GP",0
"Woooofley",10,"Germany GP",8,118,1,"Wooof Lee","Wolfe",18,150.5,95.5,1056,2344,130.222222222222,7.11111111111111,19,197,5,5,208,90,1243,-187,6,0,5,0,2,0,1,0,4,0,1,54.8333333333333,"10 Woooofley","10 Wooof Lee","06 Wooof Lee","08 Germany GP","08 Germany GP",0
"BARE P YA WASTEMAN",11,"Germany GP",8,94,15,"Toodle Lee","Todd",18,195,51,725,2158,119.888888888889,8,50,181,4,11,208,114,1243,-518,9,0,4,0,1,0,1,0,6,0,1,65.1666666666667,"11 BARE P YA WASTEMAN","11 Toodle Lee","09 Toodle Lee","08 Germany GP","08 Germany GP",0
"get out me car",12,"Germany GP",8,89,18,"Paas tha Paastha","Aastha",18,204,42,678,2013,111.833333333333,8,28,181,3,12,208,119,1243,-565,13,0,5,0,3,0,1,1,7,0,2,73.2222222222222,"12 get out me car","12 Paas tha Paastha","13 Paas tha Paastha","08 Germany GP","08 Germany GP",0
"FOR MA YOU TON",13,"Germany GP",8,87,1,"Emmaluments Clause","Emma",18,207.5,38.5,1117,2395,133.055555555556,7,60,200,2,3,208,121,1243,-126,3,0,6,0,1,0,1,1,4,0,2,52,"13 FOR MA YOU TON","13 Emmaluments Clause","03 Emmaluments Clause","08 Germany GP","08 Germany GP",0
"Raikkonen the dough",14,"Germany GP",8,77,18,"n8 n9 10","Nate",18,219,27,1243,2563,142.388888888889,6.16666666666667,50,229,1,1,208,131,1243,0,1,0,7,0,3,0,1,1,4,1,3,42.6666666666667,"14 Raikkonen the dough","14 n8 n9 10","01 n8 n9 10","08 Germany GP","08 Germany GP",0
"Go Team 2",1,"Hungary GP",9,197,1,"Shlaghs","Shlagha",18,6.5,239.5,1219,2367,131.5,7.5,81,202,14,4,197,0,1393,-174,5,1,4,1,2,0,1,0,4,0,1,53.5555555555556,"01 Go Team 2","01 Shlaghs","05 Shlaghs","09 Hungary GP","09 Hungary GP",0
"Maria's Bois",2,"Hungary GP",9,160,1,"Mumumelon","Maria",18,55,191,729,1928,128.533333333333,7.73333333333333,66,177,13,13,197,37,1393,-664,14,1,3,0,1,0,1,0,2,0,1,59.1333333333333,"02 Maria's Bois","02 Mumumelon","14 Mumumelon","09 Hungary GP","09 Hungary GP",0
"get out me car",3,"Hungary GP",9,156,18,"Paas tha Paastha","Aastha",18,60,186,834,2013,111.833333333333,8,28,181,12,12,197,41,1393,-559,13,1,5,0,3,0,1,0,7,0,2,73.2222222222222,"03 get out me car","03 Paas tha Paastha","13 Paas tha Paastha","09 Hungary GP","09 Hungary GP",0
"Raikkonen the dough",4,"Hungary GP",9,150,18,"n8 n9 10","Nate",18,76.5,169.5,1393,2563,142.388888888889,6.16666666666667,50,229,11,1,197,47,1393,0,1,0,7,0,3,1,1,0,4,0,3,42.6666666666667,"04 Raikkonen the dough","04 n8 n9 10","01 n8 n9 10","09 Hungary GP","09 Hungary GP",0
"scoring d scorecard",5,"Hungary GP",9,144,1,"xtinae","Christina",18,90,156,1210,2387,132.611111111111,6.83333333333333,53,183,10,5,197,53,1393,-183,4,0,3,0,0,0,1,0,3,0,0,52.4444444444444,"05 scoring d scorecard","05 xtinae","04 xtinae","09 Hungary GP","09 Hungary GP",0
"BPort's Sports",6,"Hungary GP",9,135,1,"Rebporter","Rebecca",18,116,130,643,2038,145.571428571429,5.64285714285714,95,174,9,14,197,62,1393,-750,12,0,4,0,0,0,3,0,1,0,0,42.4285714285714,"06 BPort's Sports","06 Rebporter","12 Rebporter","09 Hungary GP","09 Hungary GP",0
"In your race",7,"Hungary GP",9,132,13,"Zek Zek Dadumle","Zach",18,123,123,1023,2221,123.388888888889,7.77777777777778,41,162,8,7,197,65,1393,-370,7,0,2,0,0,0,2,0,3,0,1,61.6666666666667,"07 In your race","07 Zek Zek Dadumle","07 Zek Zek Dadumle","09 Hungary GP","09 Hungary GP",0
"FOR MA YOU TON",8,"Hungary GP",9,129,1,"Emmaluments Clause","Emma",18,129,117,1246,2395,133.055555555556,7,60,200,7,3,197,68,1393,-147,3,0,6,0,1,0,1,0,4,0,2,52,"08 FOR MA YOU TON","08 Emmaluments Clause","03 Emmaluments Clause","09 Hungary GP","09 Hungary GP",0
"Mac",9,"Hungary GP",9,123,1,"Massive Open Online Course (Mooc)","Mac",18,142,104,1257,2453,136.277777777778,6.72222222222222,85,208,6,2,197,74,1393,-136,2,0,6,0,4,0,0,0,4,0,1,48.7777777777778,"09 Mac","09 Massive Open Online Course (Mooc)","02 Massive Open Online Course (Mooc)","09 Hungary GP","09 Hungary GP",0
"Scotl@nd224",10,"Hungary GP",9,112,6,"Oolin Hooey","Allen",18,164,82,876,2203,122.388888888889,7.61111111111111,50,188,5,10,197,85,1393,-517,8,0,3,0,1,0,0,0,5,0,2,62.6666666666667,"10 Scotl@nd224","10 Oolin Hooey","08 Oolin Hooey","09 Hungary GP","09 Hungary GP",0
"BARE P YA WASTEMAN",11,"Hungary GP",9,111,15,"Toodle Lee","Todd",18,167.5,78.5,836,2158,119.888888888889,8,50,181,4,11,197,86,1393,-557,9,0,4,0,1,0,1,0,6,0,1,65.1666666666667,"11 BARE P YA WASTEMAN","11 Toodle Lee","09 Toodle Lee","09 Hungary GP","09 Hungary GP",0
"Woooofley",12,"Hungary GP",9,109,1,"Wooof Lee","Wolfe",18,171.5,74.5,1165,2344,130.222222222222,7.11111111111111,19,197,3,6,197,88,1393,-228,6,0,5,0,2,0,1,1,4,0,1,54.8333333333333,"12 Woooofley","12 Wooof Lee","06 Wooof Lee","09 Hungary GP","09 Hungary GP",0
"FOOMOOLA WASTEMAN",13,"Hungary GP",9,62,28,"Karnohmymy","Karna",18,231.5,14.5,993,2131,118.388888888889,8,49,184,2,8,197,135,1393,-400,11,0,1,0,0,0,3,1,4,0,0,66.6666666666667,"13 FOOMOOLA WASTEMAN","13 Karnohmymy","11 Karnohmymy","09 Hungary GP","09 Hungary GP",0
"dabestteam",14,"Hungary GP",9,27,1,"Al Pal","Allie",18,244,2,924,2138,118.777777777778,7.88888888888889,27,180,1,9,197,170,1393,-469,10,0,2,0,0,0,1,1,3,1,2,66.2777777777778,"14 dabestteam","14 Al Pal","10 Al Pal","09 Hungary GP","09 Hungary GP",0
"Maria's Bois",1,"Belgium GP",10,177,1,"Mumumelon","Maria",18,23,223,906,1928,128.533333333333,7.73333333333333,66,177,14,12,177,0,1443,-537,14,1,3,1,1,0,1,0,2,0,1,59.1333333333333,"01 Maria's Bois","01 Mumumelon","14 Mumumelon","10 Belgium GP","10 Belgium GP",0
"BARE P YA WASTEMAN",2,"Belgium GP",10,169,15,"Toodle Lee","Todd",18,36,210,1005,2158,119.888888888889,8,50,181,13,10,177,8,1443,-438,9,1,4,0,1,0,1,0,6,0,1,65.1666666666667,"02 BARE P YA WASTEMAN","02 Toodle Lee","09 Toodle Lee","10 Belgium GP","10 Belgium GP",0
"BPort's Sports",3,"Belgium GP",10,162,1,"Rebporter","Rebecca",18,49,197,805,2038,145.571428571429,5.64285714285714,95,174,12,14,177,15,1443,-638,12,1,4,0,0,0,3,0,1,0,0,42.4285714285714,"03 BPort's Sports","03 Rebporter","12 Rebporter","10 Belgium GP","10 Belgium GP",0
"Go Team 2",4,"Belgium GP",10,152,1,"Shlaghs","Shlagha",18,72.5,173.5,1371,2367,131.5,7.5,81,202,11,2,177,25,1443,-72,5,0,4,0,2,1,1,0,4,0,1,53.5555555555556,"04 Go Team 2","04 Shlaghs","05 Shlaghs","10 Belgium GP","10 Belgium GP",0
"In your race",5,"Belgium GP",10,138,13,"Zek Zek Dadumle","Zach",18,108,138,1161,2221,123.388888888889,7.77777777777778,41,162,10,7,177,39,1443,-282,7,0,2,0,0,0,2,0,3,0,1,61.6666666666667,"05 In your race","05 Zek Zek Dadumle","07 Zek Zek Dadumle","10 Belgium GP","10 Belgium GP",0
"dabestteam",6,"Belgium GP",10,116,1,"Al Pal","Allie",18,156,90,1040,2138,118.777777777778,7.88888888888889,27,180,9,9,177,61,1443,-403,10,0,2,0,0,0,1,0,3,0,2,66.2777777777778,"06 dabestteam","06 Al Pal","10 Al Pal","10 Belgium GP","10 Belgium GP",0
"Scotl@nd224",7,"Belgium GP",10,112,6,"Oolin Hooey","Allen",18,164,82,988,2203,122.388888888889,7.61111111111111,50,188,8,11,177,65,1443,-455,8,0,3,0,1,0,0,0,5,0,2,62.6666666666667,"07 Scotl@nd224","07 Oolin Hooey","08 Oolin Hooey","10 Belgium GP","10 Belgium GP",0
"FOR MA YOU TON",8,"Belgium GP",10,100,1,"Emmaluments Clause","Emma",18,185.5,60.5,1346,2395,133.055555555556,7,60,200,7,4,177,77,1443,-97,3,0,6,0,1,0,1,0,4,0,2,52,"08 FOR MA YOU TON","08 Emmaluments Clause","03 Emmaluments Clause","10 Belgium GP","10 Belgium GP",0
"Mac",9,"Belgium GP",10,92,1,"Massive Open Online Course (Mooc)","Mac",18,199,47,1349,2453,136.277777777778,6.72222222222222,85,208,6,3,177,85,1443,-94,2,0,6,0,4,0,0,0,4,0,1,48.7777777777778,"09 Mac","09 Massive Open Online Course (Mooc)","02 Massive Open Online Course (Mooc)","10 Belgium GP","10 Belgium GP",0
"get out me car",10,"Belgium GP",10,70,18,"Paas tha Paastha","Aastha",18,225,21,904,2013,111.833333333333,8,28,181,5,13,177,107,1443,-539,13,0,5,0,3,0,1,0,7,0,2,73.2222222222222,"10 get out me car","10 Paas tha Paastha","13 Paas tha Paastha","10 Belgium GP","10 Belgium GP",0
"FOOMOOLA WASTEMAN",11,"Belgium GP",10,66,28,"Karnohmymy","Karna",18,229,17,1059,2131,118.388888888889,8,49,184,4,8,177,111,1443,-384,11,0,1,0,0,0,3,0,4,0,0,66.6666666666667,"11 FOOMOOLA WASTEMAN","11 Karnohmymy","11 Karnohmymy","10 Belgium GP","10 Belgium GP",0
"scoring d scorecard",12,"Belgium GP",10,53,1,"xtinae","Christina",18,235,11,1263,2387,132.611111111111,6.83333333333333,53,183,2.5,5,177,124,1443,-180,4,0,3,0,0,0,1,1,3,0,0,52.4444444444444,"12 scoring d scorecard","12 xtinae","04 xtinae","10 Belgium GP","10 Belgium GP",0
"Woooofley",12,"Belgium GP",10,53,1,"Wooof Lee","Wolfe",18,235,11,1218,2344,130.222222222222,7.11111111111111,19,197,2.5,6,177,124,1443,-225,6,0,5,0,2,0,1,1,4,0,1,54.8333333333333,"12 Woooofley","12 Wooof Lee","06 Wooof Lee","10 Belgium GP","10 Belgium GP",0
"Raikkonen the dough",14,"Belgium GP",10,50,18,"n8 n9 10","Nate",18,238,8,1443,2563,142.388888888889,6.16666666666667,50,229,1,1,177,127,1443,0,1,0,7,0,3,0,1,1,4,1,3,42.6666666666667,"14 Raikkonen the dough","14 n8 n9 10","01 n8 n9 10","10 Belgium GP","10 Belgium GP",0
"Mac",1,"Italy GP",11,185,1,"Massive Open Online Course (Mooc)","Mac",18,10.5,235.5,1534,2453,136.277777777778,6.72222222222222,85,208,14,2,185,0,1583,-49,2,1,6,1,4,0,0,0,4,0,1,48.7777777777778,"01 Mac","01 Massive Open Online Course (Mooc)","02 Massive Open Online Course (Mooc)","11 Italy GP","11 Italy GP",0
"Scotl@nd224",2,"Italy GP",11,175,6,"Oolin Hooey","Allen",18,26.5,219.5,1163,2203,122.388888888889,7.61111111111111,50,188,13,10,185,10,1583,-420,8,1,3,0,1,0,0,0,5,0,2,62.6666666666667,"02 Scotl@nd224","02 Oolin Hooey","08 Oolin Hooey","11 Italy GP","11 Italy GP",0
"Maria's Bois",3,"Italy GP",11,165,1,"Mumumelon","Maria",18,41.5,204.5,1071,1928,128.533333333333,7.73333333333333,66,177,12,12,185,20,1583,-512,14,1,3,0,1,0,1,0,2,0,1,59.1333333333333,"03 Maria's Bois","03 Mumumelon","14 Mumumelon","11 Italy GP","11 Italy GP",0
"dabestteam",4,"Italy GP",11,155,1,"Al Pal","Allie",18,64.5,181.5,1195,2138,118.777777777778,7.88888888888889,27,180,11,8,185,30,1583,-388,10,0,2,0,0,1,1,0,3,0,2,66.2777777777778,"04 dabestteam","04 Al Pal","10 Al Pal","11 Italy GP","11 Italy GP",0
"BPort's Sports",5,"Italy GP",11,142,1,"Rebporter","Rebecca",18,96.5,149.5,947,2038,145.571428571429,5.64285714285714,95,174,10,14,185,43,1583,-636,12,0,4,0,0,0,3,0,1,0,0,42.4285714285714,"05 BPort's Sports","05 Rebporter","12 Rebporter","11 Italy GP","11 Italy GP",0
"Raikkonen the dough",6,"Italy GP",11,140,18,"n8 n9 10","Nate",18,102,144,1583,2563,142.388888888889,6.16666666666667,50,229,9,1,185,45,1583,0,1,0,7,0,3,0,1,0,4,0,3,42.6666666666667,"06 Raikkonen the dough","06 n8 n9 10","01 n8 n9 10","11 Italy GP","11 Italy GP",0
"In your race",7,"Italy GP",11,139,13,"Zek Zek Dadumle","Zach",18,105,141,1300,2221,123.388888888889,7.77777777777778,41,162,8,7,185,46,1583,-283,7,0,2,0,0,0,2,0,3,0,1,61.6666666666667,"07 In your race","07 Zek Zek Dadumle","07 Zek Zek Dadumle","11 Italy GP","11 Italy GP",0
"scoring d scorecard",8,"Italy GP",11,123,1,"xtinae","Christina",18,142,104,1386,2387,132.611111111111,6.83333333333333,53,183,7,5,185,62,1583,-197,4,0,3,0,0,0,1,0,3,0,0,52.4444444444444,"08 scoring d scorecard","08 xtinae","04 xtinae","11 Italy GP","11 Italy GP",0
"BARE P YA WASTEMAN",9,"Italy GP",11,120,15,"Toodle Lee","Todd",18,147,99,1125,2158,119.888888888889,8,50,181,6,11,185,65,1583,-458,9,0,4,0,1,0,1,0,6,0,1,65.1666666666667,"09 BARE P YA WASTEMAN","09 Toodle Lee","09 Toodle Lee","11 Italy GP","11 Italy GP",0
"FOOMOOLA WASTEMAN",10,"Italy GP",11,114,28,"Karnohmymy","Karna",18,160.5,85.5,1173,2131,118.388888888889,8,49,184,5,9,185,71,1583,-410,11,0,1,0,0,0,3,0,4,0,0,66.6666666666667,"10 FOOMOOLA WASTEMAN","10 Karnohmymy","11 Karnohmymy","11 Italy GP","11 Italy GP",0
"Woooofley",11,"Italy GP",11,103,1,"Wooof Lee","Wolfe",18,180.5,65.5,1321,2344,130.222222222222,7.11111111111111,19,197,4,6,185,82,1583,-262,6,0,5,0,2,0,1,0,4,0,1,54.8333333333333,"11 Woooofley","11 Wooof Lee","06 Wooof Lee","11 Italy GP","11 Italy GP",0
"get out me car",12,"Italy GP",11,87,18,"Paas tha Paastha","Aastha",18,207.5,38.5,991,2013,111.833333333333,8,28,181,3,13,185,98,1583,-592,13,0,5,0,3,0,1,1,7,0,2,73.2222222222222,"12 get out me car","12 Paas tha Paastha","13 Paas tha Paastha","11 Italy GP","11 Italy GP",0
"Go Team 2",13,"Italy GP",11,82,1,"Shlaghs","Shlagha",18,215.5,30.5,1453,2367,131.5,7.5,81,202,2,3,185,103,1583,-130,5,0,4,0,2,0,1,1,4,0,1,53.5555555555556,"13 Go Team 2","13 Shlaghs","05 Shlaghs","11 Italy GP","11 Italy GP",0
"FOR MA YOU TON",14,"Italy GP",11,60,1,"Emmaluments Clause","Emma",18,233,13,1406,2395,133.055555555556,7,60,200,1,4,185,125,1583,-177,3,0,6,0,1,0,1,1,4,1,2,52,"14 FOR MA YOU TON","14 Emmaluments Clause","03 Emmaluments Clause","11 Italy GP","11 Italy GP",0
"Scotl@nd224",1,"Singapore GP",12,179,6,"Oolin Hooey","Allen",18,20,226,1342,2203,122.388888888889,7.61111111111111,50,188,14,9,179,0,1708,-366,8,1,3,1,1,0,0,0,5,0,2,62.6666666666667,"01 Scotl@nd224","01 Oolin Hooey","08 Oolin Hooey","12 Singapore GP","12 Singapore GP",0
"FOR MA YOU TON",2,"Singapore GP",12,173,1,"Emmaluments Clause","Emma",18,31,215,1579,2395,133.055555555556,7,60,200,13,4,179,6,1708,-129,3,1,6,0,1,0,1,0,4,0,2,52,"02 FOR MA YOU TON","02 Emmaluments Clause","03 Emmaluments Clause","12 Singapore GP","12 Singapore GP",0
"BPort's Sports",3,"Singapore GP",12,170,1,"Rebporter","Rebecca",18,33.5,212.5,1117,2038,145.571428571429,5.64285714285714,95,174,12,13,179,9,1708,-591,12,1,4,0,0,0,3,0,1,0,0,42.4285714285714,"03 BPort's Sports","03 Rebporter","12 Rebporter","12 Singapore GP","12 Singapore GP",0
"BARE P YA WASTEMAN",4,"Singapore GP",12,161,15,"Toodle Lee","Todd",18,53,193,1286,2158,119.888888888889,8,50,181,11,11,179,18,1708,-422,9,0,4,0,1,1,1,0,6,0,1,65.1666666666667,"04 BARE P YA WASTEMAN","04 Toodle Lee","09 Toodle Lee","12 Singapore GP","12 Singapore GP",0
"Go Team 2",5,"Singapore GP",12,156,1,"Shlaghs","Shlagha",18,60,186,1609,2367,131.5,7.5,81,202,10,3,179,23,1708,-99,5,0,4,0,2,0,1,0,4,0,1,53.5555555555556,"05 Go Team 2","05 Shlaghs","05 Shlaghs","12 Singapore GP","12 Singapore GP",0
"dabestteam",6,"Singapore GP",12,155,1,"Al Pal","Allie",18,64.5,181.5,1350,2138,118.777777777778,7.88888888888889,27,180,9,8,179,24,1708,-358,10,0,2,0,0,0,1,0,3,0,2,66.2777777777778,"06 dabestteam","06 Al Pal","10 Al Pal","12 Singapore GP","12 Singapore GP",0
"scoring d scorecard",7,"Singapore GP",12,152,1,"xtinae","Christina",18,72.5,173.5,1538,2387,132.611111111111,6.83333333333333,53,183,8,5,179,27,1708,-170,4,0,3,0,0,0,1,0,3,0,0,52.4444444444444,"07 scoring d scorecard","07 xtinae","04 xtinae","12 Singapore GP","12 Singapore GP",0
"FOOMOOLA WASTEMAN",8,"Singapore GP",12,142,28,"Karnohmymy","Karna",18,96.5,149.5,1315,2131,118.388888888889,8,49,184,7,10,179,37,1708,-393,11,0,1,0,0,0,3,0,4,0,0,66.6666666666667,"08 FOOMOOLA WASTEMAN","08 Karnohmymy","11 Karnohmymy","12 Singapore GP","12 Singapore GP",0
"Woooofley",9,"Singapore GP",12,141,1,"Wooof Lee","Wolfe",18,99.5,146.5,1462,2344,130.222222222222,7.11111111111111,19,197,6,6,179,38,1708,-246,6,0,5,0,2,0,1,0,4,0,1,54.8333333333333,"09 Woooofley","09 Wooof Lee","06 Wooof Lee","12 Singapore GP","12 Singapore GP",0
"Maria's Bois",10,"Singapore GP",12,136,1,"Mumumelon","Maria",18,113,133,1207,1928,128.533333333333,7.73333333333333,66,177,5,12,179,43,1708,-501,14,0,3,0,1,0,1,0,2,0,1,59.1333333333333,"10 Maria's Bois","10 Mumumelon","14 Mumumelon","12 Singapore GP","12 Singapore GP",0
"In your race",11,"Singapore GP",12,132,13,"Zek Zek Dadumle","Zach",18,123,123,1432,2221,123.388888888889,7.77777777777778,41,162,4,7,179,47,1708,-276,7,0,2,0,0,0,2,0,3,0,1,61.6666666666667,"11 In your race","11 Zek Zek Dadumle","07 Zek Zek Dadumle","12 Singapore GP","12 Singapore GP",0
"Raikkonen the dough",12,"Singapore GP",12,125,18,"n8 n9 10","Nate",18,135,111,1708,2563,142.388888888889,6.16666666666667,50,229,3,1,179,54,1708,0,1,0,7,0,3,0,1,1,4,0,3,42.6666666666667,"12 Raikkonen the dough","12 n8 n9 10","01 n8 n9 10","12 Singapore GP","12 Singapore GP",0
"Mac",13,"Singapore GP",12,124,1,"Massive Open Online Course (Mooc)","Mac",18,138.5,107.5,1658,2453,136.277777777778,6.72222222222222,85,208,2,2,179,55,1708,-50,2,0,6,0,4,0,0,1,4,0,1,48.7777777777778,"13 Mac","13 Massive Open Online Course (Mooc)","02 Massive Open Online Course (Mooc)","12 Singapore GP","12 Singapore GP",0
"get out me car",14,"Singapore GP",12,96,18,"Paas tha Paastha","Aastha",18,191,55,1087,2013,111.833333333333,8,28,181,1,14,179,83,1708,-621,13,0,5,0,3,0,1,1,7,1,2,73.2222222222222,"14 get out me car","14 Paas tha Paastha","13 Paas tha Paastha","12 Singapore GP","12 Singapore GP",0
"BARE P YA WASTEMAN",1,"Russia GP",13,167,15,"Toodle Lee","Todd",18,39.5,206.5,1453,2158,119.888888888889,8,50,181,14,10,167,0,1856,-403,9,1,4,1,1,0,1,0,6,0,1,65.1666666666667,"01 BARE P YA WASTEMAN","01 Toodle Lee","09 Toodle Lee","13 Russia GP","13 Russia GP",0
"FOR MA YOU TON",2,"Russia GP",13,155,1,"Emmaluments Clause","Emma",18,64.5,181.5,1734,2395,133.055555555556,7,60,200,13,3,167,12,1856,-122,3,1,6,0,1,0,1,0,4,0,2,52,"02 FOR MA YOU TON","02 Emmaluments Clause","03 Emmaluments Clause","13 Russia GP","13 Russia GP",0
"get out me car",3,"Russia GP",13,150,18,"Paas tha Paastha","Aastha",18,76.5,169.5,1237,2013,111.833333333333,8,28,181,12,13,167,17,1856,-619,13,1,5,0,3,0,1,0,7,0,2,73.2222222222222,"03 get out me car","03 Paas tha Paastha","13 Paas tha Paastha","13 Russia GP","13 Russia GP",0
"In your race",4,"Russia GP",13,149,13,"Zek Zek Dadumle","Zach",18,79,167,1581,2221,123.388888888889,7.77777777777778,41,162,11,7,167,18,1856,-275,7,0,2,0,0,1,2,0,3,0,1,61.6666666666667,"04 In your race","04 Zek Zek Dadumle","07 Zek Zek Dadumle","13 Russia GP","13 Russia GP",0
"Raikkonen the dough",5,"Russia GP",13,148,18,"n8 n9 10","Nate",18,81.5,164.5,1856,2563,142.388888888889,6.16666666666667,50,229,10,1,167,19,1856,0,1,0,7,0,3,0,1,0,4,0,3,42.6666666666667,"05 Raikkonen the dough","05 n8 n9 10","01 n8 n9 10","13 Russia GP","13 Russia GP",0
"FOOMOOLA WASTEMAN",6,"Russia GP",13,144,28,"Karnohmymy","Karna",18,90,156,1459,2131,118.388888888889,8,49,184,9,9,167,23,1856,-397,11,0,1,0,0,0,3,0,4,0,0,66.6666666666667,"06 FOOMOOLA WASTEMAN","06 Karnohmymy","11 Karnohmymy","13 Russia GP","13 Russia GP",0
"scoring d scorecard",7,"Russia GP",13,140,1,"xtinae","Christina",18,102,144,1678,2387,132.611111111111,6.83333333333333,53,183,8,5,167,27,1856,-178,4,0,3,0,0,0,1,0,3,0,0,52.4444444444444,"07 scoring d scorecard","07 xtinae","04 xtinae","13 Russia GP","13 Russia GP",0
"Scotl@nd224",8,"Russia GP",13,136,6,"Oolin Hooey","Allen",18,113,133,1478,2203,122.388888888889,7.61111111111111,50,188,7,8,167,31,1856,-378,8,0,3,0,1,0,0,0,5,0,2,62.6666666666667,"08 Scotl@nd224","08 Oolin Hooey","08 Oolin Hooey","13 Russia GP","13 Russia GP",0
"Mac",9,"Russia GP",13,133,1,"Massive Open Online Course (Mooc)","Mac",18,119,127,1791,2453,136.277777777778,6.72222222222222,85,208,6,2,167,34,1856,-65,2,0,6,0,4,0,0,0,4,0,1,48.7777777777778,"09 Mac","09 Massive Open Online Course (Mooc)","02 Massive Open Online Course (Mooc)","13 Russia GP","13 Russia GP",0
"Woooofley",10,"Russia GP",13,127,1,"Wooof Lee","Wolfe",18,132.5,113.5,1589,2344,130.222222222222,7.11111111111111,19,197,5,6,167,40,1856,-267,6,0,5,0,2,0,1,0,4,0,1,54.8333333333333,"10 Woooofley","10 Wooof Lee","06 Wooof Lee","13 Russia GP","13 Russia GP",0
"Maria's Bois",11,"Russia GP",13,117,1,"Mumumelon","Maria",18,153,93,1324,1928,128.533333333333,7.73333333333333,66,177,4,12,167,50,1856,-532,14,0,3,0,1,0,1,0,2,0,1,59.1333333333333,"11 Maria's Bois","11 Mumumelon","14 Mumumelon","13 Russia GP","13 Russia GP",0
"Go Team 2",12,"Russia GP",13,112,1,"Shlaghs","Shlagha",18,164,82,1721,2367,131.5,7.5,81,202,3,4,167,55,1856,-135,5,0,4,0,2,0,1,1,4,0,1,53.5555555555556,"12 Go Team 2","12 Shlaghs","05 Shlaghs","13 Russia GP","13 Russia GP",0
"BPort's Sports",13,"Russia GP",13,106,1,"Rebporter","Rebecca",18,177,69,1223,2038,145.571428571429,5.64285714285714,95,174,2,14,167,61,1856,-633,12,0,4,0,0,0,3,1,1,0,0,42.4285714285714,"13 BPort's Sports","13 Rebporter","12 Rebporter","13 Russia GP","13 Russia GP",0
"dabestteam",14,"Russia GP",13,87,1,"Al Pal","Allie",18,207.5,38.5,1437,2138,118.777777777778,7.88888888888889,27,180,1,11,167,80,1856,-419,10,0,2,0,0,0,1,1,3,1,2,66.2777777777778,"14 dabestteam","14 Al Pal","10 Al Pal","13 Russia GP","13 Russia GP",0
"get out me car",1,"Japan GP",14,177,18,"Paas tha Paastha","Aastha",18,23,223,1414,2013,111.833333333333,8,28,181,14,13,177,0,1942,-528,13,1,5,1,3,0,1,0,7,0,2,73.2222222222222,"01 get out me car","01 Paas tha Paastha","13 Paas tha Paastha","14 Japan GP","14 Japan GP",0
"BPort's Sports",2,"Japan GP",14,174,1,"Rebporter","Rebecca",18,29,217,1397,2038,145.571428571429,5.64285714285714,95,174,13,14,177,3,1942,-545,12,1,4,0,0,0,3,0,1,0,0,42.4285714285714,"02 BPort's Sports","02 Rebporter","12 Rebporter","14 Japan GP","14 Japan GP",0
"Go Team 2",3,"Japan GP",14,162,1,"Shlaghs","Shlagha",18,49,197,1883,2367,131.5,7.5,81,202,11.5,3,177,15,1942,-59,5,1,4,0,2,0,1,0,4,0,1,53.5555555555556,"03 Go Team 2","03 Shlaghs","05 Shlaghs","14 Japan GP","14 Japan GP",0
"In your race",3,"Japan GP",14,162,13,"Zek Zek Dadumle","Zach",18,49,197,1743,2221,123.388888888889,7.77777777777778,41,162,11.5,6,177,15,1942,-199,7,1,2,0,0,0,2,0,3,0,1,61.6666666666667,"03 In your race","03 Zek Zek Dadumle","07 Zek Zek Dadumle","14 Japan GP","14 Japan GP",0
"Scotl@nd224",5,"Japan GP",14,155,6,"Oolin Hooey","Allen",18,64.5,181.5,1633,2203,122.388888888889,7.61111111111111,50,188,10,8,177,22,1942,-309,8,0,3,0,1,0,0,0,5,0,2,62.6666666666667,"05 Scotl@nd224","05 Oolin Hooey","08 Oolin Hooey","14 Japan GP","14 Japan GP",0
"BARE P YA WASTEMAN",6,"Japan GP",14,147,15,"Toodle Lee","Todd",18,85,161,1600,2158,119.888888888889,8,50,181,8.5,9,177,30,1942,-342,9,0,4,0,1,0,1,0,6,0,1,65.1666666666667,"06 BARE P YA WASTEMAN","06 Toodle Lee","09 Toodle Lee","14 Japan GP","14 Japan GP",0
"Maria's Bois",6,"Japan GP",14,147,1,"Mumumelon","Maria",18,85,161,1471,1928,128.533333333333,7.73333333333333,66,177,8.5,12,177,30,1942,-471,14,0,3,0,1,0,1,0,2,0,1,59.1333333333333,"06 Maria's Bois","06 Mumumelon","14 Mumumelon","14 Japan GP","14 Japan GP",0
"scoring d scorecard",8,"Japan GP",14,135,1,"xtinae","Christina",18,116,130,1813,2387,132.611111111111,6.83333333333333,53,183,7,5,177,42,1942,-129,4,0,3,0,0,0,1,0,3,0,0,52.4444444444444,"08 scoring d scorecard","08 xtinae","04 xtinae","14 Japan GP","14 Japan GP",0
"Woooofley",9,"Japan GP",14,132,1,"Wooof Lee","Wolfe",18,123,123,1721,2344,130.222222222222,7.11111111111111,19,197,6,7,177,45,1942,-221,6,0,5,0,2,0,1,0,4,0,1,54.8333333333333,"09 Woooofley","09 Wooof Lee","06 Wooof Lee","14 Japan GP","14 Japan GP",0
"FOR MA YOU TON",10,"Japan GP",14,130,1,"Emmaluments Clause","Emma",18,127,119,1864,2395,133.055555555556,7,60,200,5,4,177,47,1942,-78,3,0,6,0,1,0,1,0,4,0,2,52,"10 FOR MA YOU TON","10 Emmaluments Clause","03 Emmaluments Clause","14 Japan GP","14 Japan GP",0
"dabestteam",11,"Japan GP",14,109,1,"Al Pal","Allie",18,171.5,74.5,1546,2138,118.777777777778,7.88888888888889,27,180,4,11,177,68,1942,-396,10,0,2,0,0,0,1,0,3,0,2,66.2777777777778,"11 dabestteam","11 Al Pal","10 Al Pal","14 Japan GP","14 Japan GP",0
"FOOMOOLA WASTEMAN",12,"Japan GP",14,103,28,"Karnohmymy","Karna",18,180.5,65.5,1562,2131,118.388888888889,8,49,184,3,10,177,74,1942,-380,11,0,1,0,0,0,3,1,4,0,0,66.6666666666667,"12 FOOMOOLA WASTEMAN","12 Karnohmymy","11 Karnohmymy","14 Japan GP","14 Japan GP",0
"Mac",13,"Japan GP",14,102,1,"Massive Open Online Course (Mooc)","Mac",18,182,64,1893,2453,136.277777777778,6.72222222222222,85,208,2,2,177,75,1942,-49,2,0,6,0,4,0,0,1,4,0,1,48.7777777777778,"13 Mac","13 Massive Open Online Course (Mooc)","02 Massive Open Online Course (Mooc)","14 Japan GP","14 Japan GP",0
"Raikkonen the dough",14,"Japan GP",14,86,18,"n8 n9 10","Nate",18,210,36,1942,2563,142.388888888889,6.16666666666667,50,229,1,1,177,91,1942,0,1,0,7,0,3,0,1,1,4,1,3,42.6666666666667,"14 Raikkonen the dough","14 n8 n9 10","01 n8 n9 10","14 Japan GP","14 Japan GP",0
"Mac",1,"USA GP",15,185,1,"Massive Open Online Course (Mooc)","Mac",18,10.5,235.5,2078,2453,136.277777777778,6.72222222222222,85,208,14,1,185,0,2078,0,2,1,6,1,4,0,0,0,4,0,1,48.7777777777778,"01 Mac","01 Massive Open Online Course (Mooc)","02 Massive Open Online Course (Mooc)","15 USA GP","15 USA GP",0
"Woooofley",2,"USA GP",15,182,1,"Wooof Lee","Wolfe",18,16,230,1903,2344,130.222222222222,7.11111111111111,19,197,13,6,185,3,2078,-175,6,1,5,0,2,0,1,0,4,0,1,54.8333333333333,"02 Woooofley","02 Wooof Lee","06 Wooof Lee","15 USA GP","15 USA GP",0
"scoring d scorecard",3,"USA GP",15,162,1,"xtinae","Christina",18,49,197,1975,2387,132.611111111111,6.83333333333333,53,183,12,4,185,23,2078,-103,4,1,3,0,0,0,1,0,3,0,0,52.4444444444444,"03 scoring d scorecard","03 xtinae","04 xtinae","15 USA GP","15 USA GP",0
"BPort's Sports",4,"USA GP",15,159,1,"Rebporter","Rebecca",18,56,190,1556,2038,145.571428571429,5.64285714285714,95,174,11,13,185,26,2078,-522,12,0,4,0,0,1,3,0,1,0,0,42.4285714285714,"04 BPort's Sports","04 Rebporter","12 Rebporter","15 USA GP","15 USA GP",0
"Scotl@nd224",5,"USA GP",15,144,6,"Oolin Hooey","Allen",18,90,156,1777,2203,122.388888888889,7.61111111111111,50,188,10,8,185,41,2078,-301,8,0,3,0,1,0,0,0,5,0,2,62.6666666666667,"05 Scotl@nd224","05 Oolin Hooey","08 Oolin Hooey","15 USA GP","15 USA GP",0
"dabestteam",6,"USA GP",15,141,1,"Al Pal","Allie",18,99.5,146.5,1687,2138,118.777777777778,7.88888888888889,27,180,9,11,185,44,2078,-391,10,0,2,0,0,0,1,0,3,0,2,66.2777777777778,"06 dabestteam","06 Al Pal","10 Al Pal","15 USA GP","15 USA GP",0
"Raikkonen the dough",7,"USA GP",15,129,18,"n8 n9 10","Nate",18,129,117,2071,2563,142.388888888889,6.16666666666667,50,229,8,2,185,56,2078,-7,1,0,7,0,3,0,1,0,4,0,3,42.6666666666667,"07 Raikkonen the dough","07 n8 n9 10","01 n8 n9 10","15 USA GP","15 USA GP",0
"FOOMOOLA WASTEMAN",8,"USA GP",15,127,28,"Karnohmymy","Karna",18,132.5,113.5,1689,2131,118.388888888889,8,49,184,7,10,185,58,2078,-389,11,0,1,0,0,0,3,0,4,0,0,66.6666666666667,"08 FOOMOOLA WASTEMAN","08 Karnohmymy","11 Karnohmymy","15 USA GP","15 USA GP",0
"Go Team 2",9,"USA GP",15,124,1,"Shlaghs","Shlagha",18,138.5,107.5,2007,2367,131.5,7.5,81,202,6,3,185,61,2078,-71,5,0,4,0,2,0,1,0,4,0,1,53.5555555555556,"09 Go Team 2","09 Shlaghs","05 Shlaghs","15 USA GP","15 USA GP",0
"Maria's Bois",10,"USA GP",15,120,1,"Mumumelon","Maria",18,147,99,1591,1928,128.533333333333,7.73333333333333,66,177,5,12,185,65,2078,-487,14,0,3,0,1,0,1,0,2,0,1,59.1333333333333,"10 Maria's Bois","10 Mumumelon","14 Mumumelon","15 USA GP","15 USA GP",0
"In your race",11,"USA GP",15,106,13,"Zek Zek Dadumle","Zach",18,177,69,1849,2221,123.388888888889,7.77777777777778,41,162,4,7,185,79,2078,-229,7,0,2,0,0,0,2,0,3,0,1,61.6666666666667,"11 In your race","11 Zek Zek Dadumle","07 Zek Zek Dadumle","15 USA GP","15 USA GP",0
"get out me car",12,"USA GP",15,100,18,"Paas tha Paastha","Aastha",18,185.5,60.5,1514,2013,111.833333333333,8,28,181,3,14,185,85,2078,-564,13,0,5,0,3,0,1,1,7,0,2,73.2222222222222,"12 get out me car","12 Paas tha Paastha","13 Paas tha Paastha","15 USA GP","15 USA GP",0
"BARE P YA WASTEMAN",13,"USA GP",15,96,15,"Toodle Lee","Todd",18,191,55,1696,2158,119.888888888889,8,50,181,2,9,185,89,2078,-382,9,0,4,0,1,0,1,1,6,0,1,65.1666666666667,"13 BARE P YA WASTEMAN","13 Toodle Lee","09 Toodle Lee","15 USA GP","15 USA GP",0
"FOR MA YOU TON",14,"USA GP",15,89,1,"Emmaluments Clause","Emma",18,204,42,1953,2395,133.055555555556,7,60,200,1,5,185,96,2078,-125,3,0,6,0,1,0,1,1,4,1,2,52,"14 FOR MA YOU TON","14 Emmaluments Clause","03 Emmaluments Clause","15 USA GP","15 USA GP",0
"Woooofley",1,"Mexico GP",16,184,1,"Wooof Lee","Wolfe",18,12.5,233.5,2087,2344,130.222222222222,7.11111111111111,19,197,14,6,184,0,2246,-159,6,1,5,1,2,0,1,0,4,0,1,54.8333333333333,"01 Woooofley","01 Wooof Lee","06 Wooof Lee","16 Mexico GP","16 Mexico GP",0
"dabestteam",2,"Mexico GP",16,180,1,"Al Pal","Allie",18,19,227,1867,2138,118.777777777778,7.88888888888889,27,180,13,9,184,4,2246,-379,10,1,2,0,0,0,1,0,3,0,2,66.2777777777778,"02 dabestteam","02 Al Pal","10 Al Pal","16 Mexico GP","16 Mexico GP",0
"FOOMOOLA WASTEMAN",3,"Mexico GP",16,174,28,"Karnohmymy","Karna",18,29,217,1863,2131,118.388888888889,8,49,184,12,10,184,10,2246,-383,11,1,1,0,0,0,3,0,4,0,0,66.6666666666667,"03 FOOMOOLA WASTEMAN","03 Karnohmymy","11 Karnohmymy","16 Mexico GP","16 Mexico GP",0
"BPort's Sports",4,"Mexico GP",16,171,1,"Rebporter","Rebecca",18,32,214,1727,2038,145.571428571429,5.64285714285714,95,174,11,12,184,13,2246,-519,12,0,4,0,0,1,3,0,1,0,0,42.4285714285714,"04 BPort's Sports","04 Rebporter","12 Rebporter","16 Mexico GP","16 Mexico GP",0
"Mac",5,"Mexico GP",16,168,1,"Massive Open Online Course (Mooc)","Mac",18,38,208,2246,2453,136.277777777778,6.72222222222222,85,208,10,1,184,16,2246,0,2,0,6,0,4,0,0,0,4,0,1,48.7777777777778,"05 Mac","05 Massive Open Online Course (Mooc)","02 Massive Open Online Course (Mooc)","16 Mexico GP","16 Mexico GP",0
"Raikkonen the dough",6,"Mexico GP",16,167,18,"n8 n9 10","Nate",18,39.5,206.5,2238,2563,142.388888888889,6.16666666666667,50,229,9,2,184,17,2246,-8,1,0,7,0,3,0,1,0,4,0,3,42.6666666666667,"06 Raikkonen the dough","06 n8 n9 10","01 n8 n9 10","16 Mexico GP","16 Mexico GP",0
"Scotl@nd224",7,"Mexico GP",16,165,6,"Oolin Hooey","Allen",18,41.5,204.5,1942,2203,122.388888888889,7.61111111111111,50,188,8,8,184,19,2246,-304,8,0,3,0,1,0,0,0,5,0,2,62.6666666666667,"07 Scotl@nd224","07 Oolin Hooey","08 Oolin Hooey","16 Mexico GP","16 Mexico GP",0
"get out me car",8,"Mexico GP",16,164,18,"Paas tha Paastha","Aastha",18,43.5,202.5,1678,2013,111.833333333333,8,28,181,7,13,184,20,2246,-568,13,0,5,0,3,0,1,0,7,0,2,73.2222222222222,"08 get out me car","08 Paas tha Paastha","13 Paas tha Paastha","16 Mexico GP","16 Mexico GP",0
"scoring d scorecard",9,"Mexico GP",16,163,1,"xtinae","Christina",18,45.5,200.5,2138,2387,132.611111111111,6.83333333333333,53,183,6,3,184,21,2246,-108,4,0,3,0,0,0,1,0,3,0,0,52.4444444444444,"09 scoring d scorecard","09 xtinae","04 xtinae","16 Mexico GP","16 Mexico GP",0
"BARE P YA WASTEMAN",10,"Mexico GP",16,154,15,"Toodle Lee","Todd",18,69,177,1850,2158,119.888888888889,8,50,181,5,11,184,30,2246,-396,9,0,4,0,1,0,1,0,6,0,1,65.1666666666667,"10 BARE P YA WASTEMAN","10 Toodle Lee","09 Toodle Lee","16 Mexico GP","16 Mexico GP",0
"FOR MA YOU TON",11,"Mexico GP",16,142,1,"Emmaluments Clause","Emma",18,96.5,149.5,2095,2395,133.055555555556,7,60,200,4,5,184,42,2246,-151,3,0,6,0,1,0,1,0,4,0,2,52,"11 FOR MA YOU TON","11 Emmaluments Clause","03 Emmaluments Clause","16 Mexico GP","16 Mexico GP",0
"Go Team 2",12,"Mexico GP",16,131,1,"Shlaghs","Shlagha",18,126,120,2138,2367,131.5,7.5,81,202,3,3,184,53,2246,-108,5,0,4,0,2,0,1,1,4,0,1,53.5555555555556,"12 Go Team 2","12 Shlaghs","05 Shlaghs","16 Mexico GP","16 Mexico GP",0
"In your race",13,"Mexico GP",16,110,13,"Zek Zek Dadumle","Zach",18,169,77,1959,2221,123.388888888889,7.77777777777778,41,162,2,7,184,74,2246,-287,7,0,2,0,0,0,2,1,3,0,1,61.6666666666667,"13 In your race","13 Zek Zek Dadumle","07 Zek Zek Dadumle","16 Mexico GP","16 Mexico GP",0
"Maria's Bois",14,"Mexico GP",16,66,1,"Mumumelon","Maria",18,229,17,1657,1928,128.533333333333,7.73333333333333,66,177,1,14,184,118,2246,-589,14,0,3,0,1,0,1,1,2,1,1,59.1333333333333,"14 Maria's Bois","14 Mumumelon","14 Mumumelon","16 Mexico GP","16 Mexico GP",0
"get out me car",1,"Brazil GP",17,181,18,"Paas tha Paastha","Aastha",18,17.5,228.5,1859,2013,111.833333333333,8,28,181,14,13,181,0,2408,-549,13,1,5,1,3,0,1,0,7,0,2,73.2222222222222,"01 get out me car","01 Paas tha Paastha","13 Paas tha Paastha","17 Brazil GP","17 Brazil GP",0
"Raikkonen the dough",2,"Brazil GP",17,170,18,"n8 n9 10","Nate",18,33.5,212.5,2408,2563,142.388888888889,6.16666666666667,50,229,13,1,181,11,2408,0,1,1,7,0,3,0,1,0,4,0,3,42.6666666666667,"02 Raikkonen the dough","02 n8 n9 10","01 n8 n9 10","17 Brazil GP","17 Brazil GP",0
"BPort's Sports",3,"Brazil GP",17,163,1,"Rebporter","Rebecca",18,45.5,200.5,1890,2038,145.571428571429,5.64285714285714,95,174,12,12,181,18,2408,-518,12,1,4,0,0,0,3,0,1,0,0,42.4285714285714,"03 BPort's Sports","03 Rebporter","12 Rebporter","17 Brazil GP","17 Brazil GP",0
"FOOMOOLA WASTEMAN",4,"Brazil GP",17,152,28,"Karnohmymy","Karna",18,72.5,173.5,2015,2131,118.388888888889,8,49,184,11,9,181,29,2408,-393,11,0,1,0,0,1,3,0,4,0,0,66.6666666666667,"04 FOOMOOLA WASTEMAN","04 Karnohmymy","11 Karnohmymy","17 Brazil GP","17 Brazil GP",0
"Woooofley",5,"Brazil GP",17,150,1,"Wooof Lee","Wolfe",18,76.5,169.5,2237,2344,130.222222222222,7.11111111111111,19,197,10,5,181,31,2408,-171,6,0,5,0,2,0,1,0,4,0,1,54.8333333333333,"05 Woooofley","05 Wooof Lee","06 Wooof Lee","17 Brazil GP","17 Brazil GP",0
"BARE P YA WASTEMAN",6,"Brazil GP",17,139,15,"Toodle Lee","Todd",18,105,141,1989,2158,119.888888888889,8,50,181,9,11,181,42,2408,-419,9,0,4,0,1,0,1,0,6,0,1,65.1666666666667,"06 BARE P YA WASTEMAN","06 Toodle Lee","09 Toodle Lee","17 Brazil GP","17 Brazil GP",0
"dabestteam",7,"Brazil GP",17,138,1,"Al Pal","Allie",18,108,138,2005,2138,118.777777777778,7.88888888888889,27,180,7.5,10,181,43,2408,-403,10,0,2,0,0,0,1,0,3,0,2,66.2777777777778,"07 dabestteam","07 Al Pal","10 Al Pal","17 Brazil GP","17 Brazil GP",0
"In your race",7,"Brazil GP",17,138,13,"Zek Zek Dadumle","Zach",18,108,138,2097,2221,123.388888888889,7.77777777777778,41,162,7.5,7,181,43,2408,-311,7,0,2,0,0,0,2,0,3,0,1,61.6666666666667,"07 In your race","07 Zek Zek Dadumle","07 Zek Zek Dadumle","17 Brazil GP","17 Brazil GP",0
"scoring d scorecard",9,"Brazil GP",17,137,1,"xtinae","Christina",18,110.5,135.5,2275,2387,132.611111111111,6.83333333333333,53,183,6,3,181,44,2408,-133,4,0,3,0,0,0,1,0,3,0,0,52.4444444444444,"09 scoring d scorecard","09 xtinae","04 xtinae","17 Brazil GP","17 Brazil GP",0
"Maria's Bois",10,"Brazil GP",17,128,1,"Mumumelon","Maria",18,131,115,1785,1928,128.533333333333,7.73333333333333,66,177,5,14,181,53,2408,-623,14,0,3,0,1,0,1,0,2,0,1,59.1333333333333,"10 Maria's Bois","10 Mumumelon","14 Mumumelon","17 Brazil GP","17 Brazil GP",0
"Scotl@nd224",11,"Brazil GP",17,124,6,"Oolin Hooey","Allen",18,138.5,107.5,2066,2203,122.388888888889,7.61111111111111,50,188,4,8,181,57,2408,-342,8,0,3,0,1,0,0,0,5,0,2,62.6666666666667,"11 Scotl@nd224","11 Oolin Hooey","08 Oolin Hooey","17 Brazil GP","17 Brazil GP",0
"FOR MA YOU TON",12,"Brazil GP",17,123,1,"Emmaluments Clause","Emma",18,142,104,2218,2395,133.055555555556,7,60,200,3,6,181,58,2408,-190,3,0,6,0,1,0,1,1,4,0,2,52,"12 FOR MA YOU TON","12 Emmaluments Clause","03 Emmaluments Clause","17 Brazil GP","17 Brazil GP",0
"Mac",13,"Brazil GP",17,116,1,"Massive Open Online Course (Mooc)","Mac",18,156,90,2362,2453,136.277777777778,6.72222222222222,85,208,2,2,181,65,2408,-46,2,0,6,0,4,0,0,1,4,0,1,48.7777777777778,"13 Mac","13 Massive Open Online Course (Mooc)","02 Massive Open Online Course (Mooc)","17 Brazil GP","17 Brazil GP",0
"Go Team 2",14,"Brazil GP",17,115,1,"Shlaghs","Shlagha",18,158.5,87.5,2253,2367,131.5,7.5,81,202,1,4,181,66,2408,-155,5,0,4,0,2,0,1,1,4,1,1,53.5555555555556,"14 Go Team 2","14 Shlaghs","05 Shlaghs","17 Brazil GP","17 Brazil GP",0
"FOR MA YOU TON",1,"Abu Dhabi GP",18,177,1,"Emmaluments Clause","Emma",18,23,223,2395,2395,133.055555555556,7,60,200,14,3,177,0,2563,-168,3,1,6,1,1,0,1,0,4,0,2,52,"01 FOR MA YOU TON","01 Emmaluments Clause","03 Emmaluments Clause","18 Abu Dhabi GP","18 Abu Dhabi GP",1
"BARE P YA WASTEMAN",2,"Abu Dhabi GP",18,169,15,"Toodle Lee","Todd",18,36,210,2158,2158,119.888888888889,8,50,181,13,9,177,8,2563,-405,9,1,4,0,1,0,1,0,6,0,1,65.1666666666667,"02 BARE P YA WASTEMAN","02 Toodle Lee","09 Toodle Lee","18 Abu Dhabi GP","18 Abu Dhabi GP",1
"Raikkonen the dough",3,"Abu Dhabi GP",18,155,18,"n8 n9 10","Nate",18,64.5,181.5,2563,2563,142.388888888889,6.16666666666667,50,229,12,1,177,22,2563,0,1,1,7,0,3,0,1,0,4,0,3,42.6666666666667,"03 Raikkonen the dough","03 n8 n9 10","01 n8 n9 10","18 Abu Dhabi GP","18 Abu Dhabi GP",1
"get out me car",4,"Abu Dhabi GP",18,154,18,"Paas tha Paastha","Aastha",18,69,177,2013,2013,111.833333333333,8,28,181,11,13,177,23,2563,-550,13,0,5,0,3,1,1,0,7,0,2,73.2222222222222,"04 get out me car","04 Paas tha Paastha","13 Paas tha Paastha","18 Abu Dhabi GP","18 Abu Dhabi GP",1
"BPort's Sports",5,"Abu Dhabi GP",18,148,1,"Rebporter","Rebecca",18,81.5,164.5,2038,2038,145.571428571429,5.64285714285714,95,174,10,12,177,29,2563,-525,12,0,4,0,0,0,3,0,1,0,0,42.4285714285714,"05 BPort's Sports","05 Rebporter","12 Rebporter","18 Abu Dhabi GP","18 Abu Dhabi GP",1
"Maria's Bois",6,"Abu Dhabi GP",18,143,1,"Mumumelon","Maria",18,93.5,152.5,1928,1928,128.533333333333,7.73333333333333,66,177,9,14,177,34,2563,-635,14,0,3,0,1,0,1,0,2,0,1,59.1333333333333,"06 Maria's Bois","06 Mumumelon","14 Mumumelon","18 Abu Dhabi GP","18 Abu Dhabi GP",1
"Scotl@nd224",7,"Abu Dhabi GP",18,137,6,"Oolin Hooey","Allen",18,110.5,135.5,2203,2203,122.388888888889,7.61111111111111,50,188,8,8,177,40,2563,-360,8,0,3,0,1,0,0,0,5,0,2,62.6666666666667,"07 Scotl@nd224","07 Oolin Hooey","08 Oolin Hooey","18 Abu Dhabi GP","18 Abu Dhabi GP",1
"dabestteam",8,"Abu Dhabi GP",18,133,1,"Al Pal","Allie",18,119,127,2138,2138,118.777777777778,7.88888888888889,27,180,7,10,177,44,2563,-425,10,0,2,0,0,0,1,0,3,0,2,66.2777777777778,"08 dabestteam","08 Al Pal","10 Al Pal","18 Abu Dhabi GP","18 Abu Dhabi GP",1
"In your race",9,"Abu Dhabi GP",18,124,13,"Zek Zek Dadumle","Zach",18,138.5,107.5,2221,2221,123.388888888889,7.77777777777778,41,162,6,7,177,53,2563,-342,7,0,2,0,0,0,2,0,3,0,1,61.6666666666667,"09 In your race","09 Zek Zek Dadumle","07 Zek Zek Dadumle","18 Abu Dhabi GP","18 Abu Dhabi GP",1
"FOOMOOLA WASTEMAN",10,"Abu Dhabi GP",18,116,28,"Karnohmymy","Karna",18,156,90,2131,2131,118.388888888889,8,49,184,5,11,177,61,2563,-432,11,0,1,0,0,0,3,0,4,0,0,66.6666666666667,"10 FOOMOOLA WASTEMAN","10 Karnohmymy","11 Karnohmymy","18 Abu Dhabi GP","18 Abu Dhabi GP",1
"Go Team 2",11,"Abu Dhabi GP",18,114,1,"Shlaghs","Shlagha",18,160.5,85.5,2367,2367,131.5,7.5,81,202,4,5,177,63,2563,-196,5,0,4,0,2,0,1,0,4,0,1,53.5555555555556,"11 Go Team 2","11 Shlaghs","05 Shlaghs","18 Abu Dhabi GP","18 Abu Dhabi GP",1
"scoring d scorecard",12,"Abu Dhabi GP",18,112,1,"xtinae","Christina",18,164,82,2387,2387,132.611111111111,6.83333333333333,53,183,3,4,177,65,2563,-176,4,0,3,0,0,0,1,1,3,0,0,52.4444444444444,"12 scoring d scorecard","12 xtinae","04 xtinae","18 Abu Dhabi GP","18 Abu Dhabi GP",1
"Woooofley",13,"Abu Dhabi GP",18,107,1,"Wooof Lee","Wolfe",18,175,71,2344,2344,130.222222222222,7.11111111111111,19,197,2,6,177,70,2563,-219,6,0,5,0,2,0,1,1,4,0,1,54.8333333333333,"13 Woooofley","13 Wooof Lee","06 Wooof Lee","18 Abu Dhabi GP","18 Abu Dhabi GP",1
"Mac",14,"Abu Dhabi GP",18,91,1,"Massive Open Online Course (Mooc)","Mac",18,200.5,45.5,2453,2453,136.277777777778,6.72222222222222,85,208,1,2,177,86,2563,-110,2,0,6,0,4,0,0,1,4,1,1,48.7777777777778,"14 Mac","14 Massive Open Online Course (Mooc)","02 Massive Open Online Course (Mooc)","18 Abu Dhabi GP","18 Abu Dhabi GP",1
